sensor_id,district,latitude,longitude,observed_at,temperature_c,humidity_percent,air_quality_index,noise_db,smoke_level
S-001,Central,55.6761,12.5683,2026-09-24T08:00:00Z,18.4,67.2,42,58.1,0.08
S-002,Harbor,55.6890,12.5990,2026-09-24T08:00:05Z,17.9,72.5,55,61.4,0.12
S-003,North,55.7047,12.5374,2026-09-24T08:00:10Z,18.1,65.4,39,52.8,0.05
S-004,SchoolZone,55.6680,12.5600,2026-09-24T08:00:15Z,19.2,63.9,68,66.9,0.18
S-005,Industrial,55.6610,12.6100,2026-09-24T08:00:20Z,20.1,58.8,91,70.2,0.34
S-001,Central,55.6761,12.5683,2026-09-24T08:00:25Z,18.6,66.9,44,57.6,0.07
S-002,Harbor,55.6890,12.5990,2026-09-24T08:00:30Z,18.0,72.0,57,62.3,0.13
S-003,North,55.7047,12.5374,2026-09-24T08:00:35Z,18.2,65.0,40,53.1,0.06
S-004,SchoolZone,55.6680,12.5600,2026-09-24T08:00:40Z,19.4,63.1,72,68.0,0.21
S-005,Industrial,55.6610,12.6100,2026-09-24T08:00:45Z,20.4,57.9,97,72.7,0.39
